{
    "0": 0.917593462823726,
    "1": 0.9309856170370566,
    "2": 1.0510616028708133,
    "3": 0.9212492136716293,
    "4": 1.0186500115928587,
    "5": 1.0991493886230728,
    "6": 1.013071424453796,
    "7": 1.1265946535034297,
    "8": 0.9700411227334198,
    "9": 0.9695327154363897,
    "10": 0.9950879080433737,
    "11": 0.9798031891168599,
    "12": 0.9634731359649122,
    "13": 1.074255761354606,
    "14": 1.0933028493218864,
    "15": 0.9203325477873789,
    "16": 1.006457247580322,
    "17": 1.0705257066276803,
    "18": 0.9669986518832365,
    "19": 0.9305173144127925,
    "20": 0.9540321923943432,
    "21": 0.9540321923943432,
    "22": 1.0141822483841183,
    "23": 1.038668400366441,
    "24": 0.9148706335571868,
    "25": 1.065592408440456,
    "26": 1.0427668664332759,
    "27": 1.0141822483841183,
    "28": 1.0868792133094192,
    "29": 0.9634731359649122,
    "30": 0.9993886661548523,
    "31": 0.9829268974774875,
    "32": 1.0600965163625395,
    "33": 1.0625321200761813,
    "34": 1.012516924495146,
    "35": 0.9433291285327035,
    "36": 1.0334460452807999,
    "37": 0.9604716620210964
}